,Brand_of_car,Manufacturing_year,Price_of_car,Driven_kilometer,FUel_used,transmission_system
0,Mahindra,2020," 12,40,000","14,000 km",Diesel,Manual
1,-,-,-,-,-,-
2,Honda,2016," 6,45,000","38,000 km",Petrol,Manual
3,Mahindra,2016," 4,30,000","23,000 km",CNG & Hybrids,Manual
4,Mahindra,2018," 5,90,000","67,000 km",Diesel,Manual
5,Jaguar,2012," 24,50,000","70,000 km",Diesel,Automatic
6,Maruti Suzuki,2007," 88,000","67,267 km",Petrol,Manual
7,Maruti Suzuki,2007," 80,000","52,000 km",Petrol,Manual
8,Hyundai,2017," 10,70,000","65,000 km",Diesel,Manual
9,Maruti Suzuki,2003," 55,000","55,000 km",Petrol,Manual
10,Maruti Suzuki,2020," 80,000","98,000 km",Petrol,Automatic
11,Maruti Suzuki,2016," 5,95,000","49,184 km",Diesel,Manual
12,Maruti Suzuki,2015," 3,80,000","61,000 km",Petrol,Manual
13,Hyundai,2011," 2,29,000","47,000 km",-,Manual
14,Hyundai,2012," 4,70,000","54,000 km",Petrol,Automatic
15,Honda,2000," 1,75,000","75,000 km",Petrol,Manual
16,Maruti Suzuki,2017," 2,70,000","220,000 km",CNG & Hybrids,Manual
17,Maruti Suzuki,2005," 1,10,000","70,000 km",CNG & Hybrids,Manual
18,Hyundai,2007," 2,10,000","85,000 km",Diesel,Manual
19,Maruti Suzuki,2016," 4,10,000","27,000 km",Petrol,Automatic
20,Chevrolet,2015," 2,40,000","63,000 km",Diesel,Manual
21,Maruti Suzuki,2016," 5,80,000","122,000 km",Diesel,Automatic
22,-,-,-,-,-,-
23,Mahindra,2015," 15,000","15,000 km",Diesel,Manual
24,Ford,2019," 35,50,000","29,000 km",Diesel,Automatic
25,Ford,2014," 4,75,000","72,000 km",Diesel,Manual
26,Maruti Suzuki,2015," 1,80,000","72,000 km",Diesel,Manual
27,Honda,2016," 5,95,000","52,000 km",Petrol,Automatic
28,Maruti Suzuki,2014," 5,11,000","65,000 km",Diesel,Manual
29,Hyundai,2010," 1,75,000","54,000 km",Petrol,Manual
30,Maruti Suzuki,2016," 1,55,000","41,000 km",Petrol,Manual
31,Ford,2005," 68,000","56,690 km",Diesel,Manual
32,Maruti Suzuki,2010," 1,85,000","80,000 km",CNG & Hybrids,Manual
33,Hyundai,2013," 3,70,000","51,000 km",Diesel,Manual
34,Hyundai,2016," 5,50,000","37,000 km",Petrol,Manual
35,Volkswagen,2016," 5,00,000","112,000 km",Diesel,Manual
36,Hyundai,2017," 3,30,000","128,000 km",CNG & Hybrids,Manual
37,Maruti Suzuki,2016," 7,45,000","29,000 km",Diesel,Manual
38,Maruti Suzuki,2008," 1,40,000","85,000 km",Petrol,Manual
39,-,-," 2,80,000",-,-,-
